item_codigo,Nombre_producto,Stock,Precio,identificador A,Identificador B
"""00002""",Casco de seguridad,23,185.61,"""hnssi83hl1""","""bqkg5a6kom"""
"""00003""",Nivel láser,97,270.38,"""oeqisfth2g""","""924ytgkg6g"""
"""00004""",Casco de seguridad,93,148.53,"""vwwovvop1z""","""oknus0kqxx"""
"""00005""",Pala,88,497.54,"""xw63ohy7rt""","""79tf8mvl3g"""
"""00006""",Yeso,61,210.8,"""zc50g3jea8""","""3mq3c3n82c"""
"""00007""",Tubo cobre,72,393.72,"""lvaarlahzo""","""ltza3f52ua"""
"""00008""",Ladrillo refractario,54,478.57,"""266fh4bctd""","""940hf0yucw"""
"""00009""",Tubo PVC,94,468.26,"""0aebxe594l""","""m2c6bkomsj"""
"""00010""",Yeso,62,64.03,"""nfhb8cdjqt""","""7z21w4zv2l"""
"""00011""",Ladrillo refractario,52,270.85,"""w5gizkhe18""","""33sxmn96t1"""
"""00012""",Pala,90,276.98,"""hz13tl0jt9""","""w2jsi0mc7h"""
"""00013""",Taladro,28,72.08,"""hufl8ix49g""","""s8d3alb78f"""
"""00014""",Pico,26,309.33,"""9i14izhfen""","""wsz128cggp"""
"""00015""",Ventana de aluminio,70,286.15,"""zan9un67c4""","""3ur8sc16yn"""
"""00016""",Panel de yeso,65,289.33,"""m5kn913ksi""","""32m80c6c54"""
"""00017""",Tubo cobre,73,466.63,"""hm7sbn9ara""","""iw98jydgj2"""
"""00018""",Malla de acero,77,20.49,"""nejq6tc8uv""","""r38kbxdfwa"""
"""00019""",Bisagra,59,234.4,"""a40pv2z9z7""","""rxus6g01s4"""
"""00020""",Mascarilla,89,287.87,"""8jmjlu2ojk""","""fbm3wvysmb"""
"""00021""",Alambre recocido,20,46.82,"""wrg1q6dxxo""","""b8ttam2whj"""
"""00022""",Pico,50,498.26,"""c1aibdx92v""","""xtqx0398j8"""
"""00023""",Cal hidratada,72,24.2,"""oy9ewhtcej""","""55jjxjjrxi"""
"""00024""",Apagador de luz,13,269.38,"""zww8vxp44t""","""b4unmn1k4s"""
"""00025""",Cable eléctrico,78,148.5,"""t563k21cv7""","""avv733nl6a"""
"""00026""",Alambre recocido,10,41.83,"""293leyi7q2""","""j05grcjcdd"""
"""00027""",Tornillo,62,308.61,"""tksmb5pre0""","""ixcqpoimrt"""
"""00028""",Arena fina,86,199.27,"""swd4j0cel2""","""5cgbkvhflo"""
"""00029""",Desarmador,64,137.92,"""lb3sm6baci""","""5wp344qdgl"""
"""00030""",Piso cerámico,43,247.83,"""1tyv2wbqfs""","""upginyegrv"""
"""00031""",Tornillo,83,446.97,"""77o2eaxyzn""","""n1gt16vf0v"""
"""00032""",Malla de acero,44,74.16,"""g62w4oux2f""","""69r3oyrmcl"""
"""00033""",Pintura vinílica,71,253.88,"""z7h6ktda5e""","""g390vfhhsu"""
"""00034""",Pico,2,103.94,"""xcxqbdwl1g""","""pdfh37wgji"""
"""00035""",Guantes de trabajo,26,276.81,"""tryp7ni3jd""","""9zotkozjtd"""
"""00036""",Cal hidratada,21,15.1,"""ymqec5txyi""","""q312rrm9ek"""
"""00037""",Panel de yeso,39,419.26,"""bydhxhabgf""","""stfj86ritd"""
"""00038""",Casco de seguridad,72,341.35,"""lbwpiv9sg0""","""b7yz94v7av"""
"""00039""",Botas para construcción,74,33.13,"""lfd270mbj1""","""5ned6wzba0"""
"""00040""",Bisagra,77,425.91,"""hho9u2kmdv""","""rl837fthbx"""
"""00041""",Cinta métrica,19,182.96,"""f2gautzjbe""","""wbqet4l3ua"""
"""00042""",Tornillo,92,465.86,"""4tqyfhrr0d""","""cl76lu77is"""
"""00043""",Clavo para concreto,54,11.4,"""n587rdlvqv""","""ek5be38hca"""
"""00044""",Pico,99,15.77,"""qcmv1y93wa""","""d8mf820cr7"""
"""00045""",Foco LED,94,415.88,"""x0l0gwjj8z""","""e47o13zlxx"""
"""00046""",Cinta métrica,38,193.83,"""068qfli3ln""","""hu9kkl5nzf"""
"""00047""",Tornillo,27,58.32,"""1t1v5rc0x0""","""6t6db9a5bh"""
"""00048""",Guantes de trabajo,60,265.66,"""cebqou0k43""","""0k28fiz1wf"""
"""00049""",Pintura vinílica,30,400.46,"""zmlqo22zgs""","""wtyzbmz22c"""
"""00050""",Tubo PVC,10,180.89,"""zy9l7n8mbs""","""y3i0pylyf2"""
"""00051""",Botas para construcción,71,93.56,"""guosditouy""","""n85gomp24j"""
"""00052""",Puerta de madera,9,469.72,"""1tfap70jbi""","""sip822kefy"""
"""00053""",Sika,49,107.13,"""wggskq56rr""","""kay3ju8zsr"""
"""00054""",Azulejo para baño,30,87.73,"""5nogb3bj5a""","""i6rbwenyti"""
"""00055""",Perfil metálico,81,285.47,"""l72np0be0b""","""rhf2hy5ujj"""
"""00056""",Malla de acero,88,306.69,"""1m6p58ni91""","""ishx5085sw"""
"""00057""",Guantes de trabajo,22,294.11,"""79ild2zt1o""","""bk9vztlzm8"""
"""00058""",Apagador de luz,31,233.81,"""z7ja9r7qwt""","""nss5cx7kdv"""
"""00059""",Alambre recocido,11,223.72,"""a36t6no3pg""","""c2pdm9ypos"""
"""00060""",Perfil metálico,30,156.94,"""7ctjhxxx1t""","""xc42uahufo"""
"""00061""",Taladro,26,230.33,"""uq54eubbq4""","""ulnnpy1e09"""
"""00062""",Taladro,94,81.82,"""pfkxt8zpkk""","""5cjygi95ss"""
"""00063""",Panel de yeso,23,348.38,"""v3icwfrz4y""","""dxf9py3h12"""
"""00064""",Desarmador,27,331.98,"""slvtcwpbtv""","""mojs0fylc6"""
"""00065""",Sellador acrílico,39,187.21,"""bvi36kbuh8""","""4k2ryic0df"""
"""00066""",Grava,66,53.86,"""nfknz3filf""","""1f0r2gyfvn"""
"""00067""",Ladrillo refractario,41,450.72,"""pmiwqlwbqe""","""9vi0e3puhu"""
"""00068""",Cemento Portland,83,205.25,"""8p2mnrjues""","""yt793h49q8"""
"""00069""",Toma corriente,67,53.22,"""i9vb9m725h""","""7j5pj1za8a"""
"""00070""",Varilla corrugada,85,485.42,"""7uewrc6eqi""","""j27f79xgm4"""
"""00071""",Bisagra,19,228.06,"""sklv8m1wz8""","""v05cjkcxbe"""
"""00072""",Tubo PVC,96,178.28,"""1p5qtbj6j9""","""eyf6n8uk4a"""
"""00073""",Clavo para concreto,26,327.93,"""echqostjgh""","""0lwu62suvy"""
"""00074""",Tornillo,34,63.14,"""q9ru0dxw9n""","""1trdn91l93"""
"""00075""",Apagador de luz,50,43.65,"""v2xl4hknmj""","""e3nxpsfr0i"""
"""00076""",Pintura vinílica,45,355.53,"""rx8p2o68sj""","""mk5sm1cp9d"""
"""00077""",Ventana de aluminio,73,400.1,"""ewpxcgn8x9""","""kod0gwmahz"""
"""00078""",Ladrillo refractario,29,63.12,"""kb16gcqnc1""","""djd5z6why9"""
"""00079""",Casco de seguridad,13,469.3,"""7v8fyiwj73""","""szcyed00ox"""
"""00080""",Toma corriente,89,425.08,"""utcllw8rss""","""fbqoukidnh"""
"""00081""",Cable eléctrico,69,355.42,"""3e3wi2k2rk""","""2iuh69qfiq"""
"""00082""",Azulejo para baño,85,265.53,"""qpojx6il3h""","""ikf469xfym"""
"""00083""",Panel de yeso,5,307.99,"""1xocy5400i""","""1q2fe7fjk6"""
"""00084""",Bisagra,98,217.33,"""zctyks2kqe""","""uqmjcz56d9"""
"""00085""",Puerta de madera,63,284.24,"""p7m11bit5x""","""8vk9h3hl1t"""
"""00086""",Alambre recocido,25,157.96,"""6rqw5nl6zk""","""ziycj334fb"""
"""00087""",Guantes de trabajo,64,471.53,"""63r2ndnxc0""","""8725d027cy"""
"""00088""",Bisagra,70,206.01,"""a7stx9dnek""","""g5r25y43k3"""
"""00089""",Pintura vinílica,24,16.02,"""m6ykh3dape""","""120tpgt1jx"""
"""00090""",Taladro,18,483.29,"""yzm3t8qrmd""","""oijnfztu5t"""
"""00091""",Tubo cobre,92,410.75,"""gzowlgzkdo""","""3tu3ytykpz"""
"""00092""",Grava,38,419.36,"""lw949w1dwa""","""zduhsns2eo"""
"""00093""",Pintura vinílica,38,211.51,"""ur4mmaosaz""","""gm6t6054zb"""
"""00094""",Panel de yeso,40,425.33,"""xyrhvhz37i""","""n4yibuudhj"""
"""00095""",Clavo para concreto,42,367.07,"""mhrhpp7f6f""","""4fjhka2rv3"""
"""00096""",Ventana de aluminio,47,358.96,"""51ja1o5mq5""","""g1n6x7w5b2"""
"""00097""",Ventana de aluminio,89,380.76,"""q12zbxep8d""","""nv7inythz1"""
"""00098""",Sellador acrílico,25,473.24,"""vbcb04me1p""","""nkgi7caw7e"""
"""00099""",Apagador de luz,0,263.45,"""e1wfcj60cm""","""tnmd2epwyd"""
"""00100""",Pintura vinílica,99,184.15,"""74ip4maiqz""","""sz4t5qx36r"""
"""00101""",Botas para construcción,85,214.68,"""nft9957vc7""","""4e1upornra"""
"""00102""",Apagador de luz,36,417.41,"""wawm0fm7ti""","""a8dqtjwi9e"""
"""00103""",Tornillo,37,28.5,"""9htdkqq0n5""","""8y5bjrnvpa"""
"""00104""",Cable eléctrico,12,319.96,"""vxkuu7ago9""","""sx6cunq7zk"""
"""00105""",Cinta métrica,28,403.87,"""bbsrit4slc""","""ie4rpsgr7c"""
"""00106""",Desarmador,15,485.2,"""c00yhjxgk7""","""a4ws3eznjv"""
"""00107""",Cinta métrica,93,238.28,"""l0lox6qkud""","""om934lpflv"""
"""00108""",Cable eléctrico,1,422.66,"""dhr06lh8f5""","""9omiw2yvvq"""
"""00109""",Taladro,57,90.59,"""xvnn660wr4""","""2zdsz6mdsh"""
"""00110""",Clavo para concreto,39,41.93,"""jibhtnz6b0""","""lxpi5umv4v"""
"""00111""",Sika,60,151.56,"""g1hp1pkeg7""","""3vu992978b"""
"""00112""",Tornillo,42,236.66,"""frzedvv9zl""","""04v5nisfjd"""
"""00113""",Impermeabilizante acrílico,14,22.79,"""kxilgn8d2o""","""x8ylommkvy"""
"""00114""",Cable eléctrico,67,72.63,"""nw6qjrj0zs""","""9680kk1uub"""
"""00115""",Cal hidratada,31,97.96,"""qha64ow2s9""","""ekeojj389y"""
"""00116""",Cerradura,3,66.46,"""rjquwsv9rr""","""phqkhy1169"""
"""00117""",Ladrillo refractario,75,431.56,"""daei3a5leh""","""h7p428rr9i"""
"""00118""",Malla de acero,60,219.54,"""8py0tycsi4""","""z1e36quq7q"""
"""00119""",Cerradura,68,457.84,"""1j8zh1m5sy""","""yy8916aqgu"""
"""00120""",Foco LED,32,265.43,"""rz6e6bozkr""","""r9ish4fqcn"""
"""00121""",Tubo PVC,3,219.17,"""hm8c0ssurx""","""j7qh8jwu60"""
"""00122""",Botas para construcción,20,441.72,"""7rdmon2kiw""","""8j5e849ohl"""
"""00123""",Guantes de trabajo,42,64.31,"""qj3ogjysck""","""s9s52xb7c6"""
"""00124""",Clavo para concreto,9,306.98,"""idsl1n0wr7""","""txvw2npkg7"""
"""00125""",Impermeabilizante acrílico,7,319.3,"""sm4m7dwd2p""","""mpmiyo3ze5"""
"""00126""",Pintura vinílica,0,407.39,"""2syq7ke1yu""","""m9mznazqsf"""
"""00127""",Ladrillo refractario,12,67.06,"""qago11o3i1""","""c4lko7vq2q"""
"""00128""",Ventana de aluminio,67,51.3,"""9gv6p43ugx""","""3425v17vfq"""
"""00129""",Sika,5,47.21,"""pzjmh4fq2e""","""5geltak7od"""
"""00130""",Nivel láser,16,50.85,"""ius44woy1k""","""3oaph4c92l"""
"""00131""",Pico,3,266.66,"""ff8t9ryj0h""","""le5zoegt5h"""
"""00132""",Taladro,12,70.25,"""diswo28d5s""","""ii34r392m5"""
"""00133""",Malla de acero,15,391.01,"""z9pq81a8ra""","""rztqfhi0ty"""
"""00134""",Tornillo,93,382.98,"""gpmw22shsz""","""1mtuhulgi2"""
"""00135""",Perfil metálico,98,453.48,"""h1y1fw2v0e""","""7abav9i1bc"""
"""00136""",Grava,67,322.93,"""kuousa5g8j""","""id9rwi85n9"""
"""00137""",Toma corriente,20,237.76,"""kh8srma0of""","""40zmto8fqc"""
"""00138""",Grava,17,454.6,"""ajfscd6238""","""uslayg6olx"""
"""00139""",Pala,99,276.68,"""vm0wh7dhiu""","""4forfozj74"""
"""00140""",Ventana de aluminio,25,35.63,"""74xiv947o8""","""1r1hkslnay"""
"""00141""",Ladrillo refractario,75,160.9,"""d7ogyv0mt8""","""0yv4o6fwfk"""
"""00142""",Cerradura,44,173.68,"""xbyi8dgic9""","""8pwfk4er8u"""
"""00143""",Botas para construcción,73,463.07,"""6mevfjdbay""","""5g5csntxnx"""
"""00144""",Varilla corrugada,43,16.93,"""2eesfhgkpt""","""gbcejjjb34"""
"""00145""",Mascarilla,0,102.63,"""5kufken124""","""fh6qvin0l1"""
"""00146""",Ladrillo refractario,6,55.28,"""alfl9p23kc""","""qrn7uf0tha"""
"""00147""",Nivel láser,90,342.12,"""6aurx4qn6c""","""58ihtduqry"""
"""00148""",Mascarilla,17,295.3,"""yqtggf584w""","""dz2u10uvta"""
"""00149""",Puerta de madera,69,89.04,"""x03uzmdmq0""","""io57svlf6t"""
"""00150""",Yeso,80,119.59,"""1shwo8p0em""","""61vbqe5fpb"""
"""00151""",Ladrillo refractario,86,327.99,"""8wzpti2va3""","""gbh1ndawnu"""
"""00152""",Puerta de madera,13,492.66,"""5uxmc3ijz7""","""95zizye8aw"""
"""00153""",Guantes de trabajo,90,426.73,"""79ctfgldko""","""i2yv2ydhm5"""
"""00154""",Nivel láser,97,36.65,"""33rphpmhmv""","""tmlj195pp1"""
"""00155""",Foco LED,23,96.22,"""2in3xstblk""","""9jepvwpn6w"""
"""00156""",Ladrillo refractario,48,53.06,"""ri8w95tkbb""","""c2v8ftlxfk"""
"""00157""",Botas para construcción,66,288.21,"""s82xq13hkz""","""z20qekaquc"""
"""00158""",Piso cerámico,66,468.17,"""i4iozjav15""","""z096oktdpu"""
"""00159""",Cinta métrica,53,394.34,"""qofcqo4jrz""","""pehbjhz7cf"""
"""00160""",Perfil metálico,53,51.21,"""fr1r73w6p1""","""i7bm27pq5r"""
"""00161""",Sellador acrílico,72,378.74,"""jca3xt0njs""","""b5swo6zo74"""
"""00162""",Cinta métrica,75,322.6,"""zc1mtw9r22""","""2sg7ww75r0"""
"""00163""",Varilla corrugada,2,112.15,"""v7x39cuj8e""","""imyiyk3kwa"""
"""00164""",Pala,0,82.39,"""zoz6x9l65w""","""nyurwpjlaj"""
"""00165""",Guantes de trabajo,11,106.34,"""8vgfcsfe4j""","""2xfeiodkse"""
"""00166""",Grava,2,284.77,"""inj87wxaia""","""2yyesf8k1q"""
"""00167""",Panel de yeso,87,279.71,"""tafdzatn30""","""15t1ajkipg"""
"""00168""",Malla de acero,55,230.22,"""ye8pl4de26""","""nvdd0z1axk"""
"""00169""",Sellador acrílico,40,398.09,"""vuflah8knb""","""gb0vq4kbgn"""
"""00170""",Cemento Portland,46,490.14,"""sinhkfepfc""","""ct07r781ho"""
"""00171""",Cal hidratada,73,129.72,"""34xpvyt5v3""","""vp0a5qvlmp"""
"""00172""",Ventana de aluminio,24,454.18,"""us4lgnavkn""","""1zwuq4xdvw"""
"""00173""",Toma corriente,32,449.16,"""4in3eporpf""","""v4z85m4s4w"""
"""00174""",Ladrillo refractario,69,322.93,"""ngdzvdl6s9""","""j13c440f8z"""
"""00175""",Guantes de trabajo,31,275.9,"""3rx9iokosy""","""dm8e3qlfr3"""
"""00176""",Panel de yeso,2,459.72,"""u4nginpx3p""","""dcqzum78b9"""
"""00177""",Cal hidratada,49,38.17,"""8d5ynr2yuo""","""jmwf4gdkk5"""
"""00178""",Pala,4,54.83,"""v5oz3djtf3""","""cst7l1zftk"""
"""00179""",Ventana de aluminio,84,17.09,"""so0fcytw6o""","""bi9rsvrshl"""
"""00180""",Cinta métrica,66,429.42,"""vg00nlryxz""","""l6p83etydc"""
"""00181""",Pico,0,88.55,"""iqkwfexdxw""","""y7wrnitxfi"""
"""00182""",Nivel láser,5,364.38,"""s5qreotu44""","""a1y8yqvd6e"""
"""00183""",Guantes de trabajo,78,225.88,"""htpdirh6jw""","""671ebokc4m"""
"""00184""",Impermeabilizante acrílico,86,141.56,"""3lbs614g9t""","""0n6silk8m1"""
"""00185""",Varilla corrugada,19,417.6,"""uy2soo4xnp""","""08c88kvyrj"""
"""00186""",Pintura vinílica,30,71.54,"""190uez3q17""","""6jpp70bpui"""
"""00187""",Pala,70,317.52,"""27jgt80cdu""","""zv5nggemhx"""
"""00188""",Cable eléctrico,44,73.31,"""x1rtlxrbrk""","""j9lfue38qq"""
"""00189""",Cal hidratada,49,453.16,"""xbx2mjq79b""","""ld3dua20i8"""
"""00190""",Pico,48,270.03,"""c40m2emks1""","""3evjvn8brv"""
"""00191""",Guantes de trabajo,91,240.87,"""kjyi0w4b0w""","""qneol1elqw"""
"""00192""",Taladro,36,246.07,"""w9rma4551t""","""hspi77qvlm"""
"""00193""",Yeso,81,421.48,"""hg0bg2x7cu""","""jnmk7g2v86"""
"""00194""",Toma corriente,68,54.51,"""g10s9sf8eu""","""iys7mawd3b"""
"""00195""",Bisagra,47,132.33,"""3i7pbbkcai""","""29irynitmx"""
"""00196""",Tornillo,44,124.02,"""wxrcbkgzyf""","""kellclinzh"""
"""00197""",Botas para construcción,65,151.88,"""kyno2mfrcr""","""mtyaludplc"""
"""00198""",Nivel láser,76,213.79,"""wubeif54mz""","""fp8almg7r6"""
"""00199""",Ladrillo refractario,24,439.38,"""iqns4oan5q""","""mkqcvgg4bo"""
"""00200""",Casco de seguridad,0,265.65,"""0m7l1kqlsc""","""mqzy02ereg"""
"""00201""",Yeso,69,146.34,"""eqs7qyab1n""","""981xvsgqby"""
"""00202""",Cemento Portland,7,290.2,"""yjtj4rfcba""","""rukc64etp7"""
"""00203""",Piso cerámico,29,247.52,"""3blnlkmy8x""","""2iuyiadnf6"""
"""00204""",Cemento Portland,16,432.95,"""02f62cxl3h""","""3escv6uj3s"""
"""00205""",Bisagra,5,350.46,"""cqmf2zfllk""","""jm7r794b1h"""
"""00206""",Grava,28,222.45,"""1vyb3qkoj5""","""p3di0r1usu"""
"""00207""",Impermeabilizante acrílico,33,438.98,"""neq5qz80wb""","""898rz13rtm"""
"""00208""",Cemento Portland,33,457.82,"""jq2ut3u3ob""","""mhhblj8uik"""
"""00209""",Perfil metálico,60,415.28,"""rbvszmxns6""","""b10k49n61q"""
"""00210""",Azulejo para baño,23,228.31,"""jbd5jlybvz""","""9391akjosl"""
"""00211""",Nivel láser,49,227.24,"""hrxlfa5l2n""","""6mo63cap9a"""
"""00212""",Malla de acero,95,161.47,"""6jmay3fmy4""","""ghcs4tqk03"""
"""00213""",Bisagra,15,351.83,"""6h1qx7r3pt""","""9vxftixpgz"""
"""00214""",Cerradura,100,117.22,"""2981kh1wvx""","""2t97z30urd"""
"""00215""",Tornillo,28,223.87,"""5xqm0spf9r""","""add4vnv1ec"""
"""00216""",Alambre recocido,98,205.13,"""n5g7kt4stq""","""y2reghqz9h"""
"""00217""",Mascarilla,35,352.09,"""0dxhjg69sn""","""9d55eshg2a"""
"""00218""",Arena fina,25,365.14,"""sph6oocege""","""e8d2fnavah"""
"""00219""",Puerta de madera,51,165.58,"""gq2o1aogxq""","""1amyblb0za"""
"""00220""",Nivel láser,50,50.65,"""z9v6mu7fdr""","""c7yewt1lxc"""
"""00221""",Ventana de aluminio,25,481.03,"""42bsooxp2a""","""uwocxg89fy"""
"""00222""",Malla de acero,73,447.05,"""w0ms8lqc0q""","""t118v9u99q"""
"""00223""",Perfil metálico,12,120.22,"""ys4h4ywnkg""","""3adlnsxe2p"""
"""00224""",Botas para construcción,22,373.29,"""d9guwggu31""","""jtq8k5lx9b"""
"""00225""",Azulejo para baño,83,405.39,"""euczxjlcwu""","""8cafcndbf9"""
"""00226""",Cemento Portland,56,342.03,"""attdmoz0o6""","""rfoimv8gl9"""
"""00227""",Pintura vinílica,73,191.3,"""j0fons2il6""","""gp3cufwdrb"""
"""00228""",Toma corriente,67,166.28,"""6w56a0wjwg""","""1iwnqosa1t"""
"""00229""",Casco de seguridad,11,215.9,"""npkeve0lfu""","""7ncktcqbrz"""
"""00230""",Impermeabilizante acrílico,31,195.38,"""b4fgmeca8n""","""y61ibdf8r7"""
"""00231""",Perfil metálico,52,498.98,"""pet7g9xsrn""","""pfl6dmwmd6"""
"""00232""",Cinta métrica,74,21.17,"""qrzpqh2sc6""","""9xvlsh5kuz"""
"""00233""",Cerradura,66,378.42,"""lmqt05kwwj""","""h52hqs3vlb"""
"""00234""",Arena fina,5,208.96,"""l8150cobx2""","""2xbovx5sc8"""
"""00235""",Sika,44,342.71,"""zqec9i0ro9""","""afma083rfu"""
"""00236""",Sika,96,69.6,"""o88yiej675""","""bxpz11tevo"""
"""00237""",Arena fina,82,483.92,"""xsz2gsk1wa""","""0ww2uv7z97"""
"""00238""",Tubo PVC,29,494.02,"""vhz4mkcs79""","""b9mzja26ee"""
"""00239""",Guantes de trabajo,77,40.82,"""4483zl2y39""","""pmn8su5qw1"""
"""00240""",Alambre recocido,49,57.23,"""01l7pgnh56""","""xyon3vrheo"""
"""00241""",Pala,65,14.18,"""6bpm1w0bhe""","""mediy253ez"""
"""00242""",Pico,4,422.41,"""c6gwlkke5z""","""u276wl5r30"""
"""00243""",Tubo PVC,4,209.4,"""zbbp47o7p2""","""slxtpy8srd"""
"""00244""",Azulejo para baño,6,262.75,"""9ew2fks6lr""","""nyvwzir6ri"""
"""00245""",Desarmador,25,372.28,"""u9eitsgcwe""","""h4zllztt4f"""
"""00246""",Toma corriente,59,231.58,"""2ku4208hnp""","""a4bt148g2e"""
"""00247""",Bisagra,42,196.0,"""8bge7181o8""","""nn2jevilov"""
"""00248""",Cable eléctrico,69,200.31,"""dxmxn7s4pg""","""j1fr2gs4gy"""
"""00249""",Casco de seguridad,4,389.68,"""ue8w7ly4v0""","""hmwwn8cnxi"""
"""00250""",Ladrillo refractario,82,350.87,"""iacdkdeval""","""h0ueukg3zc"""
"""00251""",Sellador acrílico,67,417.67,"""8ns0lwy19z""","""pav2r4efb5"""
"""00252""",Azulejo para baño,35,98.48,"""ogufbtyz20""","""3jcmop3nzh"""
"""00253""",Cal hidratada,75,378.92,"""v7bek2v3a5""","""hivb2r8h3v"""
"""00254""",Pala,1,286.62,"""pbd48rjbn5""","""v5l4ze8oye"""
"""00255""",Pala,27,254.22,"""06w7w6x5it""","""7zxzp81pe1"""
"""00256""",Pintura vinílica,86,290.27,"""a0rtpbm655""","""3p1ztq9mll"""
"""00257""",Varilla corrugada,2,454.43,"""8jv9my4gwe""","""ouun3q6ld9"""
"""00258""",Clavo para concreto,34,16.37,"""f2scqe3ks4""","""psjdopd8mf"""
"""00259""",Pintura vinílica,51,429.05,"""6x6m0nqpra""","""nukpr604b6"""
"""00260""",Nivel láser,20,314.68,"""6s7pr5021j""","""12zb2aw2tu"""
"""00261""",Mascarilla,83,404.88,"""7o3hktnnam""","""8ecyqzymen"""
"""00262""",Pico,5,31.96,"""z6lw8q5bn7""","""pw0m5i2vmc"""
"""00263""",Apagador de luz,73,290.47,"""eytsua7fb1""","""o4g2hl9bwh"""
"""00264""",Bisagra,24,266.04,"""5v4wd00zs9""","""4o6sgqjgs6"""
"""00265""",Panel de yeso,63,75.06,"""wg7g6cbxre""","""igbm9vez72"""
"""00266""",Puerta de madera,22,32.04,"""peo7z4j8j9""","""4nx2r2pq5s"""
"""00267""",Varilla corrugada,91,287.24,"""6ord7yrrrv""","""y3lebph17u"""
"""00268""",Azulejo para baño,76,156.63,"""ee4j1b6bes""","""1h6ba5drlq"""
"""00269""",Perfil metálico,26,215.81,"""hhx5c97ods""","""x4kg2xw9ag"""
"""00270""",Ventana de aluminio,13,324.46,"""1755cujujf""","""chn8i7sx3y"""
"""00271""",Impermeabilizante acrílico,22,410.52,"""j8jl5wcp98""","""ieodt02wa1"""
"""00272""",Casco de seguridad,4,189.75,"""jlv08smyfc""","""eqbrxa7mys"""
"""00273""",Casco de seguridad,38,17.57,"""tpjxtsd5nu""","""sqi9al7glp"""
"""00274""",Guantes de trabajo,91,184.51,"""2938ybwpmf""","""jx3bx92dup"""
"""00275""",Foco LED,74,267.18,"""4g8v9kqs81""","""p2ap8i19am"""
"""00276""",Desarmador,37,409.44,"""h6my3tnxgs""","""d8n68b3fis"""
"""00277""",Mascarilla,69,46.98,"""rhp8b6pyzy""","""5l1ytp8iij"""
"""00278""",Piso cerámico,58,11.11,"""f8k7n54v4o""","""21m4xzc2d4"""
"""00279""",Cemento Portland,52,465.68,"""u8unhh3xr0""","""dfbusvxyav"""
"""00280""",Apagador de luz,60,479.39,"""b6osgkgd9a""","""ukkxrsm73s"""
"""00281""",Tornillo,75,378.22,"""ofd91cjpmv""","""zopyx7y5et"""
"""00282""",Puerta de madera,23,497.3,"""d5uha2b5ax""","""jgswwyncv2"""
"""00283""",Nivel láser,70,466.68,"""v6zirw9mo8""","""cocapvwc2s"""
"""00284""",Azulejo para baño,68,93.05,"""cx7krr041g""","""j2j043t1bj"""
"""00285""",Piso cerámico,89,50.62,"""8zt36m1c05""","""qrptiifhze"""
"""00286""",Bisagra,37,334.34,"""kho7nt658o""","""0n0lh53iz0"""
"""00287""",Casco de seguridad,70,141.29,"""3kz7nwpn3q""","""y13mz58nx2"""
"""00288""",Grava,74,284.67,"""1dumavafd7""","""6ae7swxptp"""
"""00289""",Varilla corrugada,78,33.42,"""ll0twpxax1""","""bce0j1mzco"""
"""00290""",Sika,76,93.92,"""yfbnkpy013""","""hc78wi0jm3"""
"""00291""",Ventana de aluminio,58,131.17,"""lqrsmqbr6v""","""rdx6zk5zp3"""
"""00292""",Ventana de aluminio,29,258.0,"""n8efbxiyhy""","""v6br45566d"""
"""00293""",Toma corriente,50,174.05,"""wyz73wsjwc""","""8weg4hyqv5"""
"""00294""",Tubo cobre,42,74.05,"""nf4xdqd8f8""","""faskffocbg"""
"""00295""",Botas para construcción,27,397.95,"""2d33j1infh""","""g7okhmivlg"""
"""00296""",Malla de acero,13,237.38,"""zuhb5cqdq4""","""jn8el15awh"""
"""00297""",Sika,21,92.97,"""mmhfnklncd""","""tagxa7x0rf"""
"""00298""",Panel de yeso,96,189.44,"""6960h2szo2""","""rs5oq0eo9j"""
"""00299""",Panel de yeso,95,412.5,"""poalbmnyi3""","""uswnqo4262"""
"""00300""",Cemento Portland,5,245.36,"""fnic70h122""","""9xsxa0o0j5"""
"""00301""",Azulejo para baño,81,45.49,"""dwrf7nwn00""","""9sxdcrn3pv"""
"""00302""",Panel de yeso,99,408.32,"""hhvpg9leq3""","""qfuaz88spk"""
"""00303""",Tornillo,42,213.36,"""o72183uif0""","""b8skx2s9a0"""
"""00304""",Cerradura,0,50.94,"""9cgrbhk7u7""","""1tc1oc60tw"""
"""00305""",Perfil metálico,26,142.5,"""c5efountti""","""eiv5rf92kx"""
"""00306""",Bisagra,16,442.4,"""hi7ntws1u1""","""4l84ptr4n3"""
"""00307""",Apagador de luz,92,315.65,"""8masvfnufg""","""syepfiq16v"""
"""00308""",Cemento Portland,23,48.76,"""nfphr5dm3s""","""1rovy9uq7y"""
"""00309""",Casco de seguridad,4,43.99,"""njfd97gnqz""","""ykc68d9jpe"""
"""00310""",Cerradura,61,402.19,"""mqior4g79s""","""arqlmq9r3w"""
"""00311""",Malla de acero,74,495.27,"""0c1295i8to""","""1gexfcfws4"""
"""00312""",Cinta métrica,91,54.91,"""52d42e4bun""","""0r17higxso"""
"""00313""",Panel de yeso,55,194.59,"""96pob23u4s""","""wjk1079jhd"""
"""00314""",Varilla corrugada,5,124.51,"""bxdrmcrph5""","""38v1ej4fxu"""
"""00315""",Bisagra,60,301.89,"""c9jwireb0k""","""b0jds7qj1z"""
"""00316""",Sellador acrílico,23,29.58,"""ppopac3k87""","""z2ift2zqli"""
"""00317""",Alambre recocido,3,133.15,"""89e9bfzyad""","""xojlfdlr9o"""
"""00318""",Casco de seguridad,44,117.77,"""doi69r7kwm""","""bwmkk19o9w"""
"""00319""",Bisagra,67,278.37,"""0pcnx6kevl""","""346jgd0831"""
"""00320""",Tubo cobre,63,222.19,"""61x0tjxhzc""","""pi644yh13a"""
"""00321""",Desarmador,100,46.04,"""6qnursbs12""","""cqhs8d9q2c"""
"""00322""",Piso cerámico,79,163.24,"""uyp1smssdl""","""38lj2n4goh"""
"""00323""",Panel de yeso,42,133.75,"""tow5zar36v""","""alnsgmk1lb"""
"""00324""",Impermeabilizante acrílico,34,390.36,"""bbkuiotqul""","""1ww7xda4kk"""
"""00325""",Sellador acrílico,39,262.83,"""4wut8xfhyf""","""1vm2z9n9fa"""
"""00326""",Tornillo,14,164.95,"""oel6aazjik""","""fhdzg20bo5"""
"""00327""",Apagador de luz,35,300.45,"""g4bvk9hpv1""","""688u6x1u6p"""
"""00328""",Pala,88,114.48,"""d2z9enijkh""","""rnu0k89bhh"""
"""00329""",Arena fina,88,75.73,"""sac8f88id2""","""xqlibwk3z9"""
"""00330""",Tornillo,16,309.24,"""vpnnnuatuy""","""76qd66lodk"""
"""00331""",Cerradura,10,323.33,"""f1fogzrgvw""","""0v7hjn4g4q"""
"""00332""",Cal hidratada,9,59.38,"""pbpuu0my35""","""8ia3nz86fu"""
"""00333""",Grava,76,120.92,"""1j0yqsmg6a""","""chnud55xwk"""
"""00334""",Tornillo,87,456.73,"""f19541kced""","""efoc8xedme"""
"""00335""",Bisagra,20,111.88,"""86m6k4l9cx""","""8ya80z469o"""
"""00336""",Pico,11,12.11,"""7n9k8dpnue""","""jh8ezbfu84"""
"""00337""",Tornillo,10,28.6,"""t243vtqx0o""","""8p6j34y2ar"""
"""00338""",Yeso,43,233.09,"""i2xbm84pzk""","""1138uf9fft"""
"""00339""",Apagador de luz,18,358.96,"""656vta3dgj""","""qfclivdoll"""
"""00340""",Cable eléctrico,20,156.43,"""ja9dhqocu5""","""acqxes86xj"""
"""00341""",Ventana de aluminio,63,454.49,"""9fb2z9dk23""","""rerlrhrq99"""
"""00342""",Cinta métrica,36,79.07,"""201zviqjsm""","""1ykrhuzzrm"""
"""00343""",Foco LED,27,368.68,"""t17q3omcbu""","""o91uqx7ynx"""
"""00344""",Taladro,41,47.58,"""149pyp3kk9""","""scn0e57zmm"""
"""00345""",Alambre recocido,47,416.99,"""ga2swi90in""","""0df7bchmnq"""
"""00346""",Sellador acrílico,22,377.56,"""a570msxc53""","""ytiuumrab2"""
"""00347""",Mascarilla,50,216.41,"""vuahdmcjkq""","""lrkby0xalk"""
"""00348""",Bisagra,52,366.43,"""ltwmrlyviv""","""phg643i2wz"""
"""00349""",Apagador de luz,16,325.18,"""5eamks7mx8""","""881oqcq5t8"""
"""00350""",Arena fina,95,363.82,"""4d3sajrxbq""","""51fplg0zdb"""
"""00351""",Mascarilla,86,251.79,"""zgpvcumlb4""","""639yx7ypwl"""
"""00352""",Tubo cobre,9,104.57,"""5chdirb89r""","""2l5it1fz56"""
"""00353""",Grava,50,202.05,"""rvmuh429wg""","""tnglu3wb1u"""
"""00354""",Ventana de aluminio,10,28.57,"""mip9ebzcl1""","""vr0id5yy25"""
"""00355""",Varilla corrugada,1,467.37,"""fgz2xb461w""","""mdpd6n7axc"""
"""00356""",Malla de acero,84,484.02,"""5vm24ahkxr""","""8b60m1zgn6"""
"""00357""",Cable eléctrico,81,354.77,"""azvr8wwklb""","""1ikv2figbn"""
"""00358""",Ladrillo refractario,74,216.58,"""73sah26edi""","""xw6mcbjgqy"""
"""00359""",Pala,33,41.95,"""ecod2tarqv""","""1k472rtrvj"""
"""00360""",Impermeabilizante acrílico,45,39.3,"""o9g5rf2bau""","""r56z2xl9vh"""
"""00361""",Yeso,3,68.89,"""znquueazxp""","""mcqn835lva"""
"""00362""",Perfil metálico,97,95.42,"""jge38dimge""","""h5u2pmgu3p"""
"""00363""",Pala,52,380.76,"""u6bi9iug44""","""hmbiniax5n"""
"""00364""",Piso cerámico,96,265.53,"""4z5j2f3x77""","""51cwsmw22d"""
"""00365""",Varilla corrugada,31,470.67,"""3coguxgkrg""","""xojc61gs3x"""
"""00366""",Cable eléctrico,44,55.88,"""31jkf6eok7""","""ao1680j7q7"""
"""00367""",Pico,8,323.84,"""w36lamsgdh""","""gvdkr2aqlt"""
"""00368""",Cerradura,70,251.24,"""hfel4bh5ok""","""5um7sgfkn9"""
"""00369""",Varilla corrugada,75,385.46,"""fp0hjenu0t""","""y4t28ymegb"""
"""00370""",Sika,26,384.53,"""mcptfna7ul""","""x7zoid6uol"""
"""00371""",Pala,62,400.88,"""8bbxekgwls""","""yoxcir0vej"""
"""00372""",Casco de seguridad,26,165.73,"""w64qalzzbi""","""v9teb2np37"""
"""00373""",Perfil metálico,3,369.79,"""vqeueky1dn""","""mavw0rlsky"""
"""00374""",Apagador de luz,56,222.5,"""186gjtqq9n""","""rjh3p816mh"""
"""00375""",Malla de acero,60,446.53,"""hl6491h03l""","""3dx8lzvnpj"""
"""00376""",Mascarilla,61,347.26,"""dn598b4f2h""","""r4d42e3vsi"""
"""00377""",Mascarilla,5,252.28,"""kscjh2tcnl""","""w2jv2ye47z"""
"""00378""",Ladrillo refractario,33,189.35,"""9g6qxft7pc""","""9juvwrmst0"""
"""00379""",Casco de seguridad,79,254.25,"""7ortpbut2m""","""fndut6bwdt"""
"""00380""",Impermeabilizante acrílico,6,276.3,"""qmnhtu0svt""","""hjfy2t31kd"""
"""00381""",Piso cerámico,67,19.18,"""ja9qy8p0od""","""uk0ucakoje"""
"""00382""",Tubo cobre,93,499.01,"""uq3vftd63t""","""jkbhp4gq6d"""
"""00383""",Pintura vinílica,73,82.53,"""gvbn1wljnq""","""i2p64zu20x"""
"""00384""",Taladro,68,83.4,"""fqmghag8hp""","""60e1jqahbq"""
"""00385""",Desarmador,52,368.05,"""ysymanayyf""","""gbvzy3v2ao"""
"""00386""",Cemento Portland,15,375.26,"""5n9c0l673b""","""tetc936vsk"""
"""00387""",Sika,82,423.05,"""lkfuff74jq""","""op1uvczizx"""
"""00388""",Toma corriente,22,263.38,"""yh6pkhzwfr""","""kxlguhwvdj"""
"""00389""",Mascarilla,6,302.14,"""vijhr4hqt8""","""7r7puep89c"""
"""00390""",Tubo cobre,82,136.71,"""ib9o5cldbf""","""zq7u7dtvu1"""
"""00391""",Grava,99,310.52,"""wuwixfq90t""","""2dmexvmjhb"""
"""00392""",Ladrillo refractario,82,166.85,"""p53p9yh5oe""","""k59kjiis2u"""
"""00393""",Malla de acero,3,112.83,"""cwgiok8mwj""","""olwsv9ee78"""
"""00394""",Arena fina,50,162.43,"""kgiqzwubpm""","""hp6k0qy0su"""
"""00395""",Pala,14,74.34,"""sq3ztqh9qg""","""glj6mxqrth"""
"""00396""",Cemento Portland,70,396.52,"""bwk3wu2eeo""","""7kkwlarcvp"""
"""00397""",Impermeabilizante acrílico,96,375.47,"""qw2wh28ep7""","""eqo10tdazp"""
"""00398""",Toma corriente,55,419.56,"""y64eogroeh""","""dtnm42b404"""
"""00399""",Pala,17,317.17,"""shdji75oqj""","""yaif7txh1b"""
"""00400""",Grava,94,185.3,"""2nftp772eu""","""y1e9jxafht"""
"""00401""",Pico,81,146.1,"""p5lwcrbdis""","""jnj66cfx1c"""
"""00402""",Piso cerámico,77,410.82,"""9ncvtv6bdw""","""85dca5przq"""
"""00403""",Cerradura,32,295.04,"""zgj41p447y""","""4kidrjom2p"""
"""00404""",Toma corriente,35,410.37,"""65r8i2bywt""","""hjyq7s93hp"""
"""00405""",Cemento Portland,63,332.99,"""zbmxiffb04""","""cpq3x690hz"""
"""00406""",Nivel láser,30,484.58,"""eofuf96zom""","""akv9laqxae"""
"""00407""",Cerradura,70,64.11,"""z6cfzzlgql""","""58uczm7kz1"""
"""00408""",Puerta de madera,34,175.19,"""h3oudoa3oe""","""1b7one69tg"""
"""00409""",Malla de acero,71,448.4,"""db6bcrhcra""","""jxlco8hyrf"""
"""00410""",Panel de yeso,5,139.3,"""ffhjabmboy""","""pip4j20ub1"""
"""00411""",Yeso,60,486.98,"""htrcdf20ja""","""hcv9z8b3y8"""
"""00412""",Alambre recocido,43,196.58,"""nlmbbtllqn""","""aw3yds7zf0"""
"""00413""",Varilla corrugada,45,108.67,"""fxx3sr0dmf""","""wgqmc5t69v"""
"""00414""",Clavo para concreto,27,225.0,"""cfv5ye3fea""","""ua90qfmdz2"""
"""00415""",Clavo para concreto,71,261.6,"""5fq1wtu4om""","""nnn72a8t3h"""
"""00416""",Pala,50,329.34,"""clo6uxisbl""","""6okoduf60w"""
"""00417""",Azulejo para baño,25,483.34,"""3ndzxf35kq""","""l6ma0rq4fl"""
"""00418""",Piso cerámico,42,369.03,"""pcz7gj6x1s""","""ljxc07zgbm"""
"""00419""",Guantes de trabajo,16,106.03,"""szv3f25kg2""","""2n1ydbnvew"""
"""00420""",Tubo PVC,43,374.72,"""1dfje3j7v1""","""509j1amnzq"""
"""00421""",Perfil metálico,63,286.74,"""ihl5ddegu7""","""tsqnmjwr6b"""
"""00422""",Sika,49,57.46,"""2g07yjbxi7""","""2mgas0h154"""
"""00423""",Foco LED,35,262.98,"""365r4iu0af""","""gykel2lcgi"""
"""00424""",Ladrillo refractario,13,317.1,"""h12d3vbg7j""","""0amzeunee9"""
"""00425""",Cinta métrica,60,342.31,"""l74ucn1s34""","""74vtey80oh"""
"""00426""",Impermeabilizante acrílico,24,326.34,"""m9oj7matk5""","""ns32eb9ro2"""
"""00427""",Tornillo,34,190.78,"""8ndr7tzqw0""","""ev5q6msgf0"""
"""00428""",Mascarilla,67,12.16,"""sxt283ewbv""","""psr3lskglm"""
"""00429""",Desarmador,7,281.25,"""pf8qa5eyc6""","""3ju035guvf"""
"""00430""",Impermeabilizante acrílico,84,286.09,"""5tcn47wzu8""","""khu0i241cb"""
"""00431""",Pintura vinílica,95,434.73,"""ytcqyegggo""","""o7yjqk4ud7"""
"""00432""",Bisagra,5,54.36,"""pbzlmb2wnz""","""l2d1j6yobv"""
"""00433""",Desarmador,54,97.74,"""w69vg0qhkr""","""0qxuroia7o"""
"""00434""",Sellador acrílico,70,143.75,"""ssnqoc07nh""","""dohl922ivz"""
"""00435""",Apagador de luz,52,109.86,"""4m12v40kmh""","""p39omcmdue"""
"""00436""",Impermeabilizante acrílico,81,191.35,"""zc8peba3ut""","""9qxf0152qo"""
"""00437""",Nivel láser,61,129.38,"""xa6ur30swv""","""0v5jxi6ueo"""
"""00438""",Alambre recocido,98,440.56,"""eto7jijxyx""","""p6653vi2dh"""
"""00439""",Azulejo para baño,18,234.95,"""94f2ojqx16""","""vi378478xl"""
"""00440""",Puerta de madera,75,315.31,"""swlmgeqobf""","""e4izwqulls"""
"""00441""",Cal hidratada,54,93.57,"""yiunos70tq""","""wbz98ffuuj"""
"""00442""",Tornillo,64,410.97,"""ppo0jffcti""","""rbjevuxqxw"""
"""00443""",Impermeabilizante acrílico,38,144.0,"""orao7fmjv9""","""5g0wxpxj78"""
"""00444""",Yeso,73,160.83,"""6zyuwnemm3""","""4senu9asao"""
"""00445""",Arena fina,20,304.48,"""qfpht0486v""","""qb4cj9rqex"""
"""00446""",Toma corriente,25,394.1,"""0p2darir20""","""8s136jkg0g"""
"""00447""",Cerradura,53,45.92,"""rsbbjrixi2""","""w8ffkxuzkx"""
"""00448""",Tubo PVC,91,324.52,"""o3qk5csmoq""","""6451m520nb"""
"""00449""",Arena fina,74,494.77,"""yqfptzhn9e""","""crps54m7f5"""
"""00450""",Perfil metálico,98,180.49,"""vwaivttcfq""","""a4hxigh60u"""
"""00451""",Pala,63,24.2,"""sqd5zv3fui""","""teswrhdupc"""
"""00452""",Grava,41,229.94,"""rezedhjk83""","""mr8kwcfiwz"""
"""00453""",Grava,26,49.91,"""fd2myrhtbx""","""dxfloe8r0d"""
"""00454""",Yeso,86,238.92,"""057up51way""","""1oj0kyxx8h"""
"""00455""",Toma corriente,70,114.34,"""yxzar5ozhe""","""fklqtk22yw"""
"""00456""",Taladro,89,458.0,"""s6on472o8k""","""3lurxnvcb6"""
"""00457""",Alambre recocido,16,143.6,"""i4v7ut2xjs""","""l4b0q0ntld"""
"""00458""",Sellador acrílico,17,178.2,"""ncii5qtdu7""","""y6cyh4jsic"""
"""00459""",Ventana de aluminio,13,74.42,"""0jeq5rxuhn""","""r523iwil34"""
"""00460""",Cable eléctrico,76,484.24,"""vsek6qnewc""","""5wv2x6e2x3"""
"""00461""",Arena fina,1,275.43,"""d6ahtyi10r""","""og9ynwz8s9"""
"""00462""",Malla de acero,17,422.78,"""hqqvt8myqm""","""gvya51t2sl"""
"""00463""",Piso cerámico,93,146.47,"""r50yo1wjxc""","""78jbwnttw7"""
"""00464""",Cemento Portland,75,307.36,"""2fslpku3dt""","""815mld6d5c"""
"""00465""",Panel de yeso,22,379.24,"""gflvsfpwpb""","""chozhiyiwg"""
"""00466""",Impermeabilizante acrílico,68,496.6,"""z3ybf41ty9""","""fq6fzhm365"""
"""00467""",Cal hidratada,91,97.1,"""papo0izraw""","""xpye546hfm"""
"""00468""",Arena fina,75,273.3,"""5fvxe269tg""","""8vhp1tq0lx"""
"""00469""",Alambre recocido,8,70.98,"""k8csa90tgd""","""wrdgcvatxl"""
"""00470""",Bisagra,37,444.53,"""03qluuc6xn""","""rqi8lg2bmm"""
"""00471""",Pala,45,454.75,"""fap7gz2n70""","""kmrxqxhgc8"""
"""00472""",Botas para construcción,23,287.57,"""qmo8kw2wp2""","""cnczdaed1r"""
"""00473""",Pico,25,119.46,"""3jodo7cedh""","""p1zh5sr7c9"""
"""00474""",Sika,81,355.32,"""579wkh8ong""","""ua5dcqp2bt"""
"""00475""",Apagador de luz,20,487.0,"""0usqm0w8n3""","""8jgjn6chpt"""
"""00476""",Foco LED,82,434.6,"""97uoyjoczy""","""xtphco96mw"""
"""00477""",Malla de acero,32,39.42,"""2cqp9t78r6""","""x9l0pq9rvt"""
"""00478""",Guantes de trabajo,43,499.62,"""1f8mtxexvs""","""ku0jz6f7vo"""
"""00479""",Cinta métrica,73,455.21,"""sie0h57bhy""","""aqz0dv06qo"""
"""00480""",Ladrillo refractario,94,235.83,"""i690949ysp""","""4upv2eohp5"""
"""00481""",Cemento Portland,72,458.01,"""1lyiyjlfzu""","""x6q9ha16d8"""
"""00482""",Puerta de madera,74,13.9,"""3cbe2il7jd""","""pg7st8t22o"""
"""00483""",Ladrillo refractario,10,366.83,"""2uguqi9tsd""","""ox7o0tjxbp"""
"""00484""",Pintura vinílica,38,71.13,"""4yl3mrf216""","""8180xv739w"""
"""00485""",Alambre recocido,51,428.11,"""z0e9cqy1q2""","""tg32f92fsm"""
"""00486""",Cinta métrica,64,211.87,"""si6okzyd3z""","""uop2yt49cz"""
"""00487""",Cemento Portland,67,320.13,"""xzp0cux094""","""oxt85vcb4l"""
"""00488""",Tubo PVC,47,143.38,"""ejosv39h6w""","""p6e4c0sa6a"""
"""00489""",Arena fina,36,150.55,"""lkhdeq96h3""","""hu82yfg8d3"""
"""00490""",Cinta métrica,34,348.95,"""1nxuc0er0u""","""71mwm06rr7"""
"""00491""",Cal hidratada,96,129.76,"""67qn17dcol""","""2h1ximeny7"""
"""00492""",Pintura vinílica,19,16.01,"""pxknbld5dm""","""77e3pzdpk3"""
"""00493""",Casco de seguridad,63,203.42,"""aj5x9hxfp6""","""cxiaqxbeos"""
"""00494""",Pico,39,355.39,"""y0roqs459d""","""23jeb0t3rt"""
"""00495""",Tubo PVC,82,119.56,"""v6vv06afdm""","""hv0xno1z05"""
"""00496""",Piso cerámico,5,222.7,"""r76t4ok0d9""","""r3guh86hrj"""
"""00497""",Ladrillo refractario,41,415.71,"""teolayda4s""","""riehzotwk6"""
"""00498""",Tubo cobre,96,117.52,"""hdlgrbgtxt""","""jj7y6uy5bn"""
"""00499""",Nivel láser,11,433.82,"""y9fp7y85nh""","""h32le9910o"""
"""00500""",Cinta métrica,51,360.98,"""kpit0x7u4e""","""3por4p0w8d"""
"""00501""",Cal hidratada,80,234.22,"""qpbg5yumb0""","""otnoi15n1g"""
